,ABSEILERS,,ABEEILRSS,1,
,ACTIONING,,ACGIINNOT,1,2
,ACULEATES,,AACEELSTU,1,
,ADAPTOGEN,s,AADEGNOPT,1,
,ADVOCAATS,,AAACDOSTV,1,
,AEGROTATS,,AAEGORSTT,1,
,AGNATHANS,,AAAGHNNST,1,
,AGNOLOTTI,s,AGILNOOTT,1,
,ALGUACILS,,AACGILLSU,1,
,ALGUAZILS,,AAGILLSUZ,1,
,AMMOLITES,,AEILMMOST,1,2
,ANGSTIEST,,AEGINSSTT,1,
,ANHEDRALS,,AADEHLNRS,1,
,ANODISERS,,ADEINORSS,1,
,ANODISING,,ADGIINNOS,1,
,ANODIZERS,,ADEINORSZ,1,
,ANTHRAXES,,AAEHNRSTX,1,
,APPRESSES,,AEEPPRSSS,1,
,AQUASCAPE,s,AAACEPQSU,1,
,ARMGUARDS,,AADGMRRSU,1,
,ARSEHOLES,,AEEHLORSS,1,
,ARTMAKERS,,AAEKMRRST,1,
,ASCARISES,,AACEIRSSS,1,
,ASHTANGAS,,AAAGHNSST,2,
,ASSONATED,,AADENOSST,1,
,ASSONATES,,AAENOSSST,1,
,ASTHANGAS,,AAAGHNSST,2,
,AUTODIALS,,AADILOSTU,1,
,BABOUCHES,,ABBCEHOSU,1,
,BACALHAUS,,AAABCHLSU,1,
,BACKCOMBS,,ABBCCKMOS,1,
,BACKDOWNS,,ABCDKNOSW,1,
,BACKTALKS,,AABCKKLST,1,2
,BACKWINDS,,ABCDIKNSW,1,
,BALLCOCKS,,ABCCKLLOS,1,
,BALLGIRLS,,ABGILLLRS,1,
,BALLISTAS,,AABILLSST,1,
,BARBOTTES,,ABBEORSTT,1,
,BARGEPOLE,s,ABEEGLOPR,1,2
,BARMINESS,,ABEIMNRSS,1,
,BARNWOODS,,ABDNOORSW,1,2
,BARRIQUES,,ABEIQRRSU,1,
,BASCINETS,,ABCEINSST,1,
,BASEHEADS,,AABDEEHSS,1,
,BASELOADS,,AABDELOSS,1,
,BASEPATHS,,AABEHPSST,1,
,BAYFRONTS,,ABFNORSTY,1,
,BEAGLINGS,,ABEGGILNS,1,
,BEATBOXED,,ABBDEEOTX,1,
,BEATBOXES,,ABBEEOSTX,1,
,BEDLAMERS,,ABDEELMRS,1,
,BEDLINERS,,BDEEILNRS,1,
,BEDSKIRTS,,BDEIKRSST,1,
,BEESWAXED,,ABDEEESWX,1,
,BEGEMMING,,BEEGGIMMN,1,
,BEJASUSES,,ABEEJSSSU,1,
,BEJESUSES,,BEEEJSSSU,1,
,BELLBUOYS,,BBELLOSUY,1,
,BERDASHES,,ABDEEHRSS,1,
,BERGENIAS,,ABEEGINRS,1,
,BERRYINGS,,BEGINRRSY,1,
,BERTHINGS,,BEGHINRST,1,2
,BHELPURIS,,BEHILPRSU,1,3
,BILLETEES,,BEEEILLST,1,
,BINGEINGS,,BEGGIINNS,1,
,BIODIESEL,s,BDEEIILOS,1,
,BIOWASTES,,ABEIOSSTW,1,
,BIRDLIFES,,BDEFIILRS,1,
,BIRDSHOTS,,BDHIORSST,1,
,BISMARCKS,,ABCIKMRSS,1,
,BISTABLES,,ABBEILSST,2,
,BLABBIEST,,ABBBEILST,1,
,BLENDINGS,,BDEGILNNS,1,
,BLINDINGS,,BDGIILNNS,1,
,BLOATINGS,,ABGILNOST,1,
,BLOBBIEST,,BBBEILOST,2,
,BLOCKINGS,,BCGIKLNOS,1,
,BLOOMINGS,,BGILMNOOS,1,
,BLOOPIEST,,BEILOOPST,1,
,BLOWDARTS,,ABDLORSTW,1,
,BLOWLAMPS,,ABLLMOPSW,1,
,BLUEBACKS,,ABBCEKLSU,1,
,BOATPORTS,,ABOOPRSTT,1,2
,BOBBLIEST,,BBBEILOST,2,
,BOBSKATES,,ABBEKOSST,1,
,BODYSIDES,,BDDEIOSSY,1,
,BOMBARDES,,ABBDEMORS,1,
,BONUSINGS,,BGINNOSSU,1,
,BOOGALOOS,,ABGLOOOOS,1,
,BOOKENDED,,BDDEEKNOO,1,
,BOOKWORKS,,BKKOOORSW,1,2
,BOWHUNTED,,BDEHNOTUW,1,
,BRACHIUMS,,ABCHIMRSU,1,
,BRANDADES,,AABDDENRS,1,
,BRESAOLAS,,AABELORSS,1,
,BRICOLEUR,s,BCEILORRU,1,
,BROADWAYS,,AABDORSWY,1,
,BROASTING,,ABGINORST,1,
,BROMANCES,,ABCEMNORS,1,
,BROMANTIC,,ABCIMNORT,1,
,BROMELIAS,,ABEILMORS,1,
,BROWBONES,,BBENOORSW,1,
,BROWNINGS,,BGINNORSW,1,
,BRUISINGS,,BGIINRSSU,1,
,BUCKSHOTS,,BCHKOSSTU,1,
,BULLCOOKS,,BCKLLOOSU,1,
,BULLDIKES,,BDEIKLLSU,1,
,BULLNOSED,,BDELLNOSU,1,
,BULLSEYES,,BEELLSSUY,1,
,BUNFIGHTS,,BFGHINSTU,1,
,BURBLINGS,,BBGILNRSU,1,
,BURSTIEST,,BEIRSSTTU,1,
,BUZZBAITS,,ABBISTUZZ,1,
,BUZZKILLS,,BIKLLSUZZ,1,
,CAKEBOXES,,ABCEEKOSX,1,
,CAKEHOLES,,ACEEHKLOS,1,
,CALAMUSES,,AACELMSSU,1,
,CALATHEAS,,AAACEHLST,1,
,CALCRETES,,ACCEELRST,1,
,CALFHOODS,,ACDFHLOOS,1,
,CALIBERED,,ABCDEEILR,1,
,CALLALOUS,,AACLLLOSU,1,
,CALUMNIED,,ACDEILMNU,1,2
,CAMBOOSES,,ABCEMOOSS,1,
,CAMCORDED,,ACCDDEMOR,1,
,CANOEINGS,,ACEGINNOS,1,
,CAPITATES,,AACEIPSTT,1,
,CAPONISED,,ACDEINOPS,1,
,CAPONISES,,ACEINOPSS,1,
,CAROLINGS,,ACGILNORS,1,
,CARRYCOTS,,ACCORRSTY,1,
,CARSPIELS,,ACEILPRSS,1,2
,CARVERIES,,ACEEIRRSV,1,
,CASHBACKS,,AABCCHKSS,1,
,CASSIOPES,,ACEIOPSSS,1,
,CASSOCKED,,ACCDEKOSS,1,
,CASTLINGS,,ACGILNSST,1,
,CATALYSED,,AACDELSTY,1,
,CATBRIARS,,AABCIRRST,1,
,CATERINGS,,ACEGINRST,1,2
,CAUTERISE,ds,ACEEIRSTU,1,2
,CEDARIEST,,ACDEEIRST,1,
,CHARETTES,,ACEEHRSTT,1,2
,CHARGINGS,,ACGGHINRS,1,
,CHARTISMS,,ACHIMRSST,1,
,CHATLINES,,ACEHILNST,1,
,CHERRIEST,,CEEHIRRST,1,
,CHILLAXED,,ACDEHILLX,1,
,CHILLAXES,,ACEHILLSX,1,
,CHIMENEAS,,ACEEHIMNS,2,
,CHIMINEAS,,ACEHIIMNS,1,
,CHINCHING,,CCGHHIINN,1,
,CHINOISES,,CEHIINOSS,1,
,CHIPOLATA,s,AACHILOPT,1,
,CHOLIAMBS,,ABCHILMOS,1,2
,CHORDINGS,,CDGHINORS,1,
,CHOREBOYS,,BCEHOORSY,1,
,CHORIAMBI,,ABCHIIMOR,1,
,CHUNDERED,,CDDEEHNRU,1,
,CHURINGAS,,ACGHINRSU,1,
,CIABATTAS,,AAABCISTT,1,
,CIPAILLES,,ACEIILLPS,1,
,CLEANINGS,,ACEGILNNS,1,2
,CLEANOUTS,,ACELNOSTU,1,2
,CLEAROUTS,,ACELORSTU,1,
,CLEARWAYS,,AACELRSWY,1,2
,CLIFFSIDE,s,CDEFFIILS,1,
,CLIFFTOPS,,CFFILOPST,1,
,CLIMBINGS,,BCGIILMNS,1,
,CLITTERED,,CDEEILRTT,1,
,CLOGGINGS,,CGGGILNOS,1,
,CLONKIEST,,CEIKLNOST,1,
,CLUBBINGS,,BBCGILNSU,1,
,CLUBLANDS,,ABCDLLNSU,1,
,CLUBMATES,,ABCELMSTU,1,
,COACHINGS,,ACCGHINOS,1,
,COACHLOAD,s,AACCDHLOO,1,
,COALFACES,,AACCEFLOS,1,
,COCOONERS,,CCENOOORS,1,
,CODOMAINS,,ACDIMNOOS,1,2
,COGNISANT,,ACGINNOST,1,
,COLOBOMAS,,ABCLMOOOS,1,
,COLONISER,s,CEILNOORS,1,
,COLORISED,,CDEILOORS,1,
,COLORISES,,CEILOORSS,1,
,COLOURANT,s,ACLNOORTU,1,
,COLOURFUL,,CFLLOORUU,1,
,COLOURIST,s,CILOORSTU,1,
,COLTHOODS,,CDHLOOOST,1,
,COMBOVERS,,BCEMOORSV,1,
,COMEDISTS,,CDEIMOSST,1,2
,COMMISHES,,CEHIMMOSS,1,
,COMPLEATS,,ACELMOPST,1,2
,CONTANGOS,,ACGNNOOST,1,
,COOKABLES,,ABCEKLOOS,1,
,COOLABAHS,,AABCHLOOS,1,
,COOLIBAHS,,ABCHILOOS,1,
,COONSHITS,,CHINOOSST,1,
,COPILOTED,,CDEILOOPT,1,
,COPPERIER,,CEEIOPPRR,1,
,CORNETTOS,,CENOORSTT,1,
,CORNSILKS,,CIKLNORSS,1,
,CORRETTOS,,CEOORRSTT,1,
,COTTAGING,,ACGGINOTT,1,
,COURIERED,,CDEEIORRU,1,
,COVERTEST,,CEEORSTTV,1,2
,CRACKIEST,,ACCEIKRST,1,
,CRADLINGS,,ACDGILNRS,1,
,CRAMMINGS,,ACGIMMNRS,1,2
,CRATEFULS,,ACEFLRSTU,1,
,CRAVATTED,,AACDERTTV,1,
,CRAVENEST,,ACEENRSTV,1,
,CREEKSIDE,s,CDEEEIKRS,1,
,CREPERIES,,CEEEIPRRS,1,
,CROONIEST,,CEINOORST,1,2
,CROSTATAS,,AACORSSTT,1,2
,CROWBAITS,,ABCIORSTW,1,
,CRUISIEST,,CEIIRSSTU,1,
,CRUMBLIES,t,BCEILMRSU,1,
s,CRUNCHIES,t,CCEHINRSU,1,2
,CSARDASES,,AACDERSSS,1,
,CUBITUSES,,BCEISSTUU,1,
,CULCHIEST,,CCEHILSTU,1,
,CULSHIEST,,CEHILSSTU,1,
,CULVERTED,,CDEELRTUV,1,
,CUMULUSES,,CELMSSUUU,1,
,CURATIONS,,ACINORSTU,1,2
,CURCUMINS,,CCIMNRSUU,1,
,CURSILLOS,,CILLORSSU,1,
,CUTBLOCKS,,BCCKLOSTU,1,
,CUTLETTES,,CEELSTTTU,1,
,CUTSCENES,,CCEENSSTU,1,
,CYBERWARS,,ABCERRSWY,1,
,CYNODONTS,,CDNNOOSTY,1,
,DAYSAILED,,AADDEILSY,1,
,DEALIGNED,,ADDEEGILN,1,2
,DEATHCARE,,AACDEEHRT,1,2
,DEATHLIER,,ADEEHILRT,1,
,DEBURRING,,BDEGINRRU,1,
,DECEASEDS,,ACDDEEESS,1,
,DEDENDUMS,,DDDEEMNSU,1,
,DEFINITES,,DEEFIINST,1,
,DEFRIENDS,,DDEEFINRS,1,
,DEHAIRING,,ADEGHIINR,1,
,DEIONISED,,DDEEIINOS,1,
,DEIONISER,s,DEEIINORS,1,
,DEIONISES,,DEEIINOSS,1,
,DELINKING,,DEGIIKLNN,1,
,DEMININGS,,DEGIIMNNS,1,
,DEMISTING,,DEGIIMNST,1,
,DENDROIDS,,DDDEINORS,1,
,DENTARIES,,ADEEINRST,1,3
,DENTELLES,,DEEELLNST,1,
,DEODORISE,drs,DDEEIOORS,1,
,DEPARTEDS,,ADDEEPRST,1,
,DEPUTISED,,DDEEIPSTU,1,
,DEPUTISES,,DEEIPSSTU,1,
,DERACINES,,ACDEEINRS,1,3
,DERATIONS,,ADEINORST,2,3
,DESCALING,,ACDEGILNS,1,
,DESEEDERS,,DDEEEERSS,1,
,DESEEDING,,DDEEEGINS,1,
,DESKILLED,,DDEEIKLLS,1,
,DESORBERS,,BDEEORRSS,1,
,DESTREAMS,,ADEEMRSST,1,
,DETANGLED,,ADDEEGLNT,1,
,DETANGLER,s,ADEEGLNRT,1,
,DETANGLES,,ADEEGLNST,1,2
,DIATREMES,,ADEEIMRST,1,3
,DICKERERS,,CDEEIKRRS,1,
,DIGITISED,,DDEGIIIST,1,
,DIGITISES,,DEGIIISST,1,
,DILLWEEDS,,DDEEILLSW,1,
,DIRTBALLS,,ABDILLRST,1,
,DISHONOUR,s,DHINOORSU,1,
,DISOWNERS,,DEINORSSW,1,3
,DISSAVERS,,ADEIRSSSV,1,
,DOCUSOAPS,,ACDOOPSSU,1,
,DOGSTAILS,,ADGILOSST,1,
,DOORCASES,,ACDEOORSS,1,
,DOORFRAME,s,ADEFMOORR,1,
,DOUCHINGS,,CDGHINOSU,1,
,DOWELINGS,,DEGILNOSW,1,
,DOWNRATED,,ADDENORTW,1,
,DOWNRATES,,ADENORSTW,1,3
,DOWNWARPS,,ADNOPRSWW,1,
,DRAWCORDS,,ACDDORRSW,1,
,DRECKIEST,,CDEEIKRST,2,3
,DREKKIEST,,DEEIKKRST,1,
,DRIFTNETS,,DEFINRSTT,1,
,DROPSEEDS,,DDEEOPRSS,1,
,DRUMMINGS,,DGIMMNRSU,1,
,DUALISING,,ADGIILNSU,1,
,DUATHLETE,s,ADEEHLTTU,1,
,DUATHLONS,,ADHLNOSTU,1,2
,DUBBINING,,BBDGIINNU,1,
,DUCKISHES,,CDEHIKSSU,1,
,DUELLINGS,,DEGILLNSU,1,
,DUMBSHOWS,,BDHMOSSUW,1,
,DUMBSIZED,,BDDEIMSUZ,1,
,DUMBSIZES,,BDEIMSSUZ,1,
,DUNGHEAPS,,ADEGHNPSU,1,
,DUSTBALLS,,ABDLLSSTU,1,
,DUSTCARTS,,ACDRSSTTU,1,
,DYSLALIAS,,AADILLSSY,1,
,ECDYSISES,,CDEEISSSY,1,
,ECHINUSES,,CEEHINSSU,1,
,ECOTOPIAS,,ACEIOOPST,1,
,ECOTOURED,,CDEEOORTU,1,
,ECPHRASES,,ACEEHPRSS,1,
,ECPHRASIS,,ACEHIPRSS,1,2
,ECTOGENES,,CEEEGNOST,1,
,EGOTIZING,,EGGIINOTZ,1,
,EKPHRASES,,AEEHKPRSS,1,
,EKPHRASIS,,AEHIKPRSS,1,
,ELASTANES,,AAEELNSST,1,
,ELBOWINGS,,BEGILNOSW,1,
,ELDORADOS,,ADDELOORS,1,
,ENACTIONS,,ACEINNOST,1,
,ENERGISER,s,EEEGINRRS,1,
,ENJAMBING,,ABEGIJMNN,1,
,ENQUIRERS,,EEINQRRSU,1,
,EPATERING,,AEEGINPRT,1,2
,EPICENTRE,s,CEEEINPRT,1,2
,ERYNGIUMS,,EGIMNRSUY,1,
,ETHERISED,,DEEEHIRST,1,
,ETHERISES,,EEEHIRSST,1,
,EUROLANDS,,ADELNORSU,1,2
,EUROZONES,,EENOORSUZ,1,
,EVENTINGS,,EEGINNSTV,1,
,EXOPLANET,s,AEELNOPTX,1,
,EXTREMUMS,,EEMMRSTUX,1,
,EXTROPIES,,EEIOPRSTX,1,
,EYELETING,,EEEGILNTY,1,
,FABRIQUES,,ABEFIQRSU,1,
,FABULISMS,,ABFILMSSU,1,
,FACETINGS,,ACEFGINST,1,
,FARFALLES,,AAEFFLLRS,1,
,FAVOURITE,s,AEFIORTUV,1,
,FERTILISE,drs,EEFIILRST,1,
,FIDDLIEST,,DDEFIILST,1,
,FIDDLINGS,,DDFGIILNS,1,
,FIGHTBACK,s,ABCFGHIKT,1,
,FILLETERS,,EEFILLRST,1,
,FILMFESTS,,EFFILMSST,1,
,FINITISMS,,FIIIMNSST,1,
,FINITISTS,,FIIINSSTT,1,
,FIREHOSES,,EEFHIORSS,1,
,FIREREELS,,EEEFILRRS,1,
,FISHBOATS,,ABFHIOSST,1,
,FLANGINGS,,AFGGILNNS,1,
,FLATPACKS,,AACFKLPST,1,
,FLEXWINGS,,EFGILNSWX,1,
,FLIPPIEST,,EFIILPPST,1,
,FLIXWEEDS,,DEEFILSWX,1,
,FLOODINGS,,DFGILNOOS,1,
,FLOORPANS,,AFLNOOPRS,1,
,FLORUITED,,DEFILORTU,1,
,FLOSSINGS,,FGILNOSSS,1,
,FLOURIEST,,EFILORSTU,1,2
,FLUSHINGS,,FGHILNSSU,1,
,FLUTEYEST,,EEFLSTTUY,1,
,FOGEYDOMS,,DEFGMOOSY,1,
,FOGLIGHTS,,FGGHILOST,1,
,FOLKLIFES,,EFFIKLLOS,1,
,FOODERIES,,DEEFIOORS,1,
,FOODLANDS,,ADDFLNOOS,1,
,FOOTLONGS,,FGLNOOOST,1,
,FOOTWELLS,,EFLLOOSTW,1,
,FORCEOUTS,,CEFOORSTU,1,
,FOUSTIEST,,EFIOSSTTU,1,
,FRACKINGS,,ACFGIKNRS,1,
,FRANCISED,,ACDEFINRS,1,
,FRANCISES,,ACEFINRSS,1,
,FRASCATIS,,AACFIRSST,1,
,FREERIDES,,DEEEFIRRS,1,
,FREEZINGS,,EEFGINRSZ,1,
,FRENEMIES,,EEEFIMNRS,1,
,FRINGINGS,,FGGIINNRS,1,
,FRIULANOS,,AFILNORSU,1,
,FROGGINGS,,FGGGINORS,1,
,FROTHINGS,,FGHINORST,1,
,FRUITINGS,,FGIINRSTU,1,
,FUCKFACES,,ACCEFFKSU,1,
,FUCKHEADS,,ACDEFHKSU,1,
,FUNKSTERS,,EFKNRSSTU,1,
,FURPIECES,,CEEFIPRSU,1,
,FUSARIUMS,,AFIMRSSUU,1,
,FUZZBALLS,,ABFLLSUZZ,1,
,GADGETIER,,ADEEGGIRT,1,
,GALLOWAYS,,AAGLLOSWY,1,
,GAMEBOOKS,,ABEGKMOOS,1,
,GAMEFOWLS,,AEFGLMOSW,1,
,GAMEPLAYS,,AAEGLMPSY,1,
,GANZFELDS,,ADEFGLNSZ,1,
,GAOLBIRDS,,ABDGILORS,1,
,GAOLBREAK,s,AABEGKLOR,1,
,GASTROPUB,s,ABGOPRSTU,1,
,GAZUNDERS,,ADEGNRSUZ,1,
,GEARSTICK,s,ACEGIKRST,1,
,GENIPAPOS,,AEGINOPPS,1,
,GENLOCKED,,CDEEGKLNO,1,
,GEOCACHED,,ACCDEEGHO,1,
,GEOCACHER,s,ACCEEGHOR,1,
,GEOCACHES,,ACCEEGHOS,1,
,GEYSERING,,EEGGINRSY,1,
,GHETTOISE,ds,EEGHIOSTT,1,2
,GINGERIER,,EEGGIINRR,1,
,GINORMOUS,,GIMNOORSU,1,
,GIPSYDOMS,,DGIMOPSSY,1,
,GIPSYISMS,,GIIMPSSSY,1,
,GLAMMIEST,,AEGILMMST,1,
,GLOOPIEST,,EGILOOPST,1,
,GLUTCHING,,CGGHILNTU,1,
,GLYCEMIAS,,ACEGILMSY,1,
,GOALBALLS,,AABGLLLOS,1,
,GOLDARNED,,ADDEGLNOR,1,
,GOONERIES,,EEGINOORS,1,2
,GOREFESTS,,EEFGORSST,1,
,GOSSIPIER,,EGIIOPRSS,1,
,GOURDFULS,,DFGLORSUU,1,
,GOURDLIKE,,DEGIKLORU,1,
,GOUTWEEDS,,DEEGOSTUW,1,
,GRAVLAXES,,AAEGLRSVX,1,
,GRIMOIRES,,EGIIMORRS,1,
,GRIPINGLY,,GGIILNPRY,1,
,GROUPAGES,,AEGGOPRSU,1,
,GRUMBLIER,,BEGILMRRU,1,
,GUARACHES,,AACEGHRSU,1,
,GUBBINSES,,BBEGINSSU,1,
,GULLERIES,,EEGILLRSU,1,
,GUNSIGHTS,,GGHINSSTU,1,
,GURDWARAS,,AADGRRSUW,1,
,GURGLIEST,,EGGILRSTU,1,
,HABENDUMS,,ABDEHMNSU,1,
,HABITUSES,,ABEHISSTU,1,
,HACKERIES,,ACEEHIKRS,1,
,HAGGLINGS,,AGGGHILNS,1,
,HAIRGRIPS,,AGHIIPRRS,1,
,HAIRWINGS,,AGHIINRSW,1,
,HALALLING,,AAGHILLLN,1,
,HALLALLED,,AADEHLLLL,1,
,HANDLINES,,ADEHILNNS,1,
,HARDCASES,,AACDEHRSS,1,
,HARDSCAPE,s,AACDEHPRS,1,
,HAREWOODS,,ADEHOORSW,1,
,HAULBACKS,,AABCHKLSU,1,2
,HAUNTINGS,,AGHINNSTU,1,
,HAWEATERS,,AAEEHRSTW,1,2
,HEADPONDS,,ADDEHNOPS,1,
,HEADRAILS,,AADEHILRS,1,2
,HEADSCARF,,AACDEFHRS,1,
,HEADSHOTS,,ADEHHOSST,1,
,HEADWARDS,,AADDEHRSW,1,
,HELENIUMS,,EEHILMNSU,1,
,HELISKIED,,DEEHIIKLS,1,
,HELITACKS,,ACEHIKLST,1,3
,HELPDESKS,,DEEHKLPSS,1,
,HELPLINES,,EEHILLNPS,1,
,HEUCHERAS,,ACEEHHRSU,1,
,HICCUPIER,,CCEHIIPRU,1,
,HINDMILKS,,DHIIKLMNS,1,
,HINDWINGS,,DGHIINNSW,1,
,HITMAKERS,,AEHIKMRST,1,
,HOGGERIES,,EEGGHIORS,1,
,HOMEBUYER,s,BEEHMORUY,1,
,HONOURARY,,AHNOORRUY,1,
,HONOUREES,,EEHNOORSU,1,
,HOTLINERS,,EHILNORST,1,
,HOUMMOSES,,EHMMOOSSU,1,
,HYPERNYMS,,EHMNPRSYY,1,
,HYPNOTISE,ds,EHINOPSTY,1,
,ICEBOATED,,ABCDEEIOT,1,
,ICEFIELDS,,CDEEFIILS,1,
,ICEFISHED,,CDEEFHIIS,1,
,ICEFISHES,,CEEFHIISS,1,
,ICESCAPES,,ACCEEIPSS,1,
,IGNOBLEST,,BEGILNOST,1,
,ILEITISES,,EEIIILSST,1,
,IMMATURER,,AEIMMRRTU,1,
,IMPOLITER,,EIILMOPRT,1,
,INFILLING,,FGIIILLNN,1,
,INFLOWING,s,FGIILNNOW,1,
,INFOTECHS,,CEFHINOST,1,
,INHUMANER,,AEHIMNNRU,1,
,INNINGSES,,EGIINNNSS,1,
,INOTROPES,,EINOOPRST,1,
,INSECURER,,CEEINRRSU,1,
,INSIPIDER,,DEIIINPRS,1,
,INSOURCED,,CDEINORSU,1,4
,INSOURCES,,CEINORSSU,1,2
,INTEGRINS,,EGIINNRST,1,3
,INUKSHUKS,,HIKKNSSUU,1,
,INVALIDER,,ADEIILNRV,1,
,IRONISING,,GIIINNORS,1,
,ITEMISERS,,EEIIMRSST,1,
,JAILBAITS,,AABIIJLST,1,
,JANNEYING,,AEGIJNNNY,1,
,JANNYINGS,,AGIJNNNSY,1,
,JARGONIER,,AEGIJNORR,1,
,JEALOUSER,,AEEJLORSU,1,
,JEHADISTS,,ADEHIJSST,1,
,JIHADISTS,,ADHIIJSST,1,
,JOCUNDEST,,CDEJNOSTU,1,
,JOUSTINGS,,GIJNOSSTU,1,
,JUDDERIER,,DDEEIJRRU,1,
,JUDICARES,,ACDEIJRSU,1,
,JUMARRING,,AGIJMNRRU,1,
,JUMPROPES,,EJMOPPRSU,1,
,JUMPSHOTS,,HJMOPSSTU,1,
,JUNGLISTS,,GIJLNSSTU,1,
,JUNIORING,,GIIJNNORU,1,
,KABLOONAS,,AABKLNOOS,1,
,KABLOONAT,,AABKLNOOT,1,
,KABOODLES,,ABDEKLOOS,1,
,KAFUFFLES,,AEFFFKLSU,1,
,KAZACHOCS,,AACCHKOSZ,1,
,KENDOISTS,,DEIKNOSST,1,
,KERBSIDES,,BDEEIKRSS,1,
,KEYFRAMES,,AEEFKMRSY,1,
,KINESISES,,EEIIKNSSS,1,
,KISKADEES,,ADEEIKKSS,1,
,KITSCHIER,,CEHIIKRST,1,2
,KNAIDLACH,,AACDHIKLN,1,
,KNEIDLACH,,ACDEHIKLN,1,
,KNITBONES,,BEIKNNOST,1,
,KNOCKBACK,s,ABCCKKKNO,1,
,KNOTHEADS,,ADEHKNOST,1,
,KOLBASSAS,,AABKLOSSS,1,
,LABELMATE,s,AABEELLMT,1,
,LABRUSCAS,,AABCLRSSU,1,
,LACRYMALS,,AACLLMRSY,1,
,LACTITOLS,,ACILLOSTT,1,
,LAKEFILLS,,AEFIKLLLS,1,
,LAKEHEADS,,AADEEHKLS,1,
,LAKELANDS,,AADEKLLNS,1,
,LAKEWARDS,,AADEKLRSW,1,
,LAMBSWOOL,s,ABLLMOOSW,1,
,LAVATERAS,,AAAELRSTV,1,
,LEAFMOLDS,,ADEFLLMOS,1,
,LEAFROLLS,,AEFLLLORS,1,
,LEAVENERS,,AEEELNRSV,1,2
,LEMONIEST,,EEILMNOST,1,3
,LESBIGAYS,,ABEGILSSY,1,
,LEUKAEMIC,,ACEEIKLMU,1,
,LEXIGRAMS,,AEGILMRSX,1,
,LIATRISES,,AEIILRSST,1,3
,LICHGATES,,ACEGHILST,1,
,LIFEBELTS,,BEEFILLST,1,
,LIFEBUOYS,,BEFILOSUY,1,
,LIMONIUMS,,IILMMNOSU,1,
,LINCTUSES,,CEILNSSTU,1,
,LINEMATES,,AEEILMNST,1,3
,LINTELLED,,DEEILLLNT,1,
,LIPLINERS,,EIILLNPRS,1,
,LIPOGRAMS,,AGILMOPRS,1,
,LIQUIDIER,,DEIIILQRU,1,
,LISTBOXES,,BEILOSSTX,1,
,LISTSERVS,,EILRSSSTV,1,
,LIVEWARES,,AEEILRSVW,1,2
,LIVEWELLS,,EEILLLSVW,1,
,LOBBYINGS,,BBGILNOSY,1,2
,LOBTAILED,,ABDEILLOT,1,
,LOCAVORES,,ACELOORSV,1,
,LOIASISES,,AEIILOSSS,1,
,LONICERAS,,ACEILNORS,1,3
,LOOKITING,,GIIKLNOOT,1,
,LOSINGEST,,EGILNOSST,1,
,LOUNGIEST,,EGILNOSTU,1,
,LOWBUSHES,,BEHLOSSUW,1,
,LUSTRINES,,EILNRSSTU,1,2
,LYCHGATES,,ACEGHLSTY,1,
,LYCOPSIDS,,CDILOPSSY,1,
,MACABREST,,AABCEMRST,1,2
,MACADAMED,,AAACDDEMM,1,
,MACCHIATO,s,AACCHIMOT,1,
,MACROPODS,,ACDMOOPRS,1,
,MAILSHOTS,,AHILMOSST,1,
,MALONATES,,AAELMNOST,1,
,MAMATEEKS,,AAEEKMMST,1,
,MAMMARIES,,AAEIMMMRS,1,
,MANDORLAS,,AADLMNORS,1,
,MANFULLER,,AEFLLMNRU,1,
,MANGETOUT,s,AEGMNOTTU,1,
,MANSCAPED,,AACDEMNPS,1,
,MANSCAPES,,AACEMNPSS,1,
,MANUCODES,,ACDEMNOSU,1,
,MARVELERS,,AEELMRRSV,1,
,MAXIBOATS,,AABIMOSTX,1,
,MAXIMANDS,,AADIMMNSX,1,
,MEAGEREST,,AEEEGMRST,1,2
,MEATHOOKS,,AEHKMOOST,1,
,MECHANISE,ds,ACEEHIMNS,2,
,MEGAMALLS,,AAEGLLMMS,1,
,MEGASTORE,s,AEEGMORST,1,2
,MELODIONS,,DEILMNOOS,1,
,MESCALINS,,ACEILMNSS,1,
,MESOSAURS,,AEMORSSSU,1,
,METADATAS,,AAADEMSTT,1,
,METANOIAS,,AAEIMNOST,1,3
,METHANALS,,AAEHLMNST,1,
,MICROBLOG,s,BCGILMOOR,1,
,MICROCARS,,ACCIMORRS,1,
,MIDSEASON,,ADEIMNOSS,1,
,MIDWATERS,,ADEIMRSTW,1,
,MILLIAMPS,,AIILLMMPS,1,
,MILOMETER,s,EEILMMORT,1,
,MIMULUSES,,EILMMSSUU,1,
,MINDFUCKS,,CDFIKMNSU,1,
,MINGINESS,,EGIIMNNSS,1,
,MINIGOLFS,,FGIILMNOS,1,
,MINNEOLAS,,AEILMNNOS,1,
,MINUETING,,EGIIMNNTU,1,
,MISCUEING,,CEGIIMNSU,1,
,MISKEYING,,EGIIKMNSY,1,
,MITIGANTS,,AGIIMNSTT,1,
,MIZZLIEST,,EIILMSTZZ,1,
,MODALISMS,,ADILMMOSS,1,
,MODALISTS,,ADILMOSST,1,
,MONAMINES,,AEIMMNNOS,1,
,MONIKERED,,DEEIKMNOR,1,
,MONKEYPOX,,EKMNOOPXY,1,
,MONOCROPS,,CMNOOOPRS,1,
,MONOKINIS,,IIKMNNOOS,1,
,MOONGATES,,AEGMNOOST,1,
,MORALISER,s,AEILMORRS,1,
,MORTICERS,,CEIMORRST,1,
,MOTTLINGS,,GILMNOSTT,1,
,MUCHACHAS,,AACCHHMSU,1,
,MUDSLINGS,,DGILMNSSU,1,
,MUGGINSES,,EGGIMNSSU,1,2
,MUMBLINGS,,BGILMMNSU,1,
,MUMMERING,s,EGIMMMNRU,1,
,MUNCHIEST,,CEHIMNSTU,1,
,MUSCLIEST,,CEILMSSTU,1,2
,NAMETAPES,,AAEEMNPST,1,
,NATTERERS,,AEENRRSTT,1,2
,NEOPAGANS,,AAEGNNOPS,1,
,NESTMATES,,AEEMNSSTT,1,2
,NETSURFED,,DEEFNRSTU,1,
,NEWSFEEDS,,DEEEFNSSW,1,
,NICHROMES,,CEHIMNORS,1,
,NINJUTSUS,,IJNNSSTUU,1,
,NITWITTED,,DEIINTTTW,1,
,NOODLINGS,,DGILNNOOS,1,
,NOROVIRUS,,INOORRSUV,1,
,NOTARISED,,ADEINORST,2,3
,NOTARISES,,AEINORSST,1,3
,NOTCHIEST,,CEHINOSTT,1,
,ODORIZERS,,DEIOORRSZ,1,
,ODOURLESS,,DELOORSSU,1,
,OILFIELDS,,DEFIILLOS,1,
,OMADHAUNS,,AADHMNOSU,1,
,OOLICHANS,,ACHILNOOS,1,
,OPSIMATHS,,AHIMOPSST,1,
,OPSONISED,,DEINOOPSS,1,
,OPSONISES,,EINOOPSSS,1,
,ORCHILLAS,,ACHILLORS,1,
f,OREBODIES,,BDEEIOORS,1,
,ORICHALCS,,ACCHILORS,1,
,OSSOBUCOS,,BCOOOSSSU,1,
,OUTCASTED,,ACDEOSTTU,1,
,OUTPSYCHS,,CHOPSSTUY,1,
,OVERBOOTS,,BEOOORSTV,1,
,OWNERLESS,,EELNORSSW,1,
,OXYTROPES,,EOOPRSTXY,1,
,OZONISERS,,EINOORSSZ,1,
,PALEOCONS,,ACELNOOPS,1,
,PALLIDEST,,ADEILLPST,1,
,PALMBALLS,,AABLLLMPS,1,
,PANFISHED,,ADEFHINPS,1,
,PANFORTES,,AEFNOPRST,1,
,PAPALISTS,,AAILPPSST,1,
,PAPPADUMS,,AADMPPPSU,1,
,PARABOLAE,,AAABELOPR,1,
,PARTYINGS,,AGINPRSTY,1,
,PATHNAMES,,AAEHMNPST,1,
,PAURAQUES,,AAEPQRSUU,1,
,PAUROPODS,,ADOOPPRSU,1,
,PEABRAINS,,AABEINPRS,1,
,PEACHICKS,,ACCEHIKPS,1,2
,PEARLISED,,ADEEILPRS,1,3
,PEATLANDS,,AADELNPST,1,
,PERISHERS,,EEHIPRRSS,1,
,PETANQUES,,AEENPQSTU,1,
,PETROSALS,,AELOPRSST,1,2
,PEYOTISMS,,EIMOPSSTY,1,
,PHISHINGS,,GHHIINPSS,1,
,PHOTOCALL,s,ACHLLOOPT,1,
,PHOTOSHOP,s,HHOOOPPST,1,
,PILGRIMED,,DEGIILMPR,1,
,PILLOWIER,,EIILLOPRW,1,
,PINOTAGES,,AEGINOPST,1,
,PINTUCKED,,CDEIKNPTU,1,
,PIPECLAYS,,ACEILPPSY,1,
,PIPEWORKS,,EIKOPPRSW,1,
,PISSHOLES,,EHILOPSSS,1,
,PIXELATED,,ADEEILPTX,1,
,PIXELATES,,AEEILPSTX,1,
,PIXILATES,,AEIILPSTX,1,
,PLACEMATS,,AACELMPST,1,
,PLANOGRAM,s,AAGLMNOPR,1,
,PLATELESS,,AEELLPSST,1,2
,PLEATINGS,,AEGILNPST,1,
,PLINKIEST,,EIIKLNPST,1,
,PLUGHOLES,,EGHLLOPSU,1,
,PLUMERIES,,EEILMPRSU,1,
,PLUMPIEST,,EILMPPSTU,1,
,PODCASTED,,ACDDEOPST,1,
,PODCASTER,s,ACDEOPRST,1,
,POINTINGS,,GIINNOPST,1,
,POLICIERS,,CEIILOPRS,1,
,POLYAMORY,,ALMOOPRYY,1,
,PONTOONED,,DENNOOOPT,1,
,POORWILLS,,ILLOOPRSW,1,
,POPPLIEST,,EILOPPPST,1,
,PORTOLANS,,ALNOOPRST,1,
,POSSIBLES,t,BEILOPSSS,1,
,POSTERING,,EGINOPRST,1,2
,POSTWOMAN,,AMNOOPSTW,1,
,POSTWOMEN,,EMNOOPSTW,1,
,POTHOLERS,,EHLOOPRST,1,2
,POTHOLING,s,GHILNOOPT,1,
,PREPOSING,,EGINOPPRS,1,
,PRIMAEVAL,,AAEILMPRV,1,2
,PROMOTORS,,MOOOPRRST,1,
,PROPANOLS,,ALNOOPPRS,1,
,PROSECCOS,,CCEOOPRSS,1,
,PROSIFIED,,DEFIIOPRS,1,
,PROSIFIES,,EFIIOPRSS,1,
,PROSUMERS,,EMOPRRSSU,1,
,PROTURANS,,ANOPRRSTU,1,
,PSYCHISMS,,CHIMPSSSY,1,
,PUCKSTERS,,CEKPRSSTU,1,
,PUFFBACKS,,ABCFFKPSU,1,
,PUFFBIRDS,,BDFFIPRSU,1,
,PULLEYING,,EGILLNPUY,1,
,PULTRUDED,,DDELPRTUU,1,
,PULTRUDES,,DELPRSTUU,1,
,PUMPJACKS,,ACJKMPPSU,1,
,PUNCHOUTS,,CHNOPSTUU,1,
,PUNKETTES,,EEKNPSTTU,1,
,PUSHBACKS,,ABCHKPSSU,1,
,PYRITISED,,DEIIPRSTY,1,
,PYRITISES,,EIIPRSSTY,1,
,PYRITIZED,,DEIIPRTYZ,1,
,PYRITIZES,,EIIPRSTYZ,1,
,PYROLYSED,,DELOPRSYY,1,
,QUADRATUS,,AADQRSTUU,1,
,QUANTISED,,ADEINQSTU,1,
,QUANTISES,,AEINQSSTU,1,
,QUEENCUPS,,CEENPQSUU,1,
,QUEENIEST,,EEEINQSTU,1,
,QUINZHEES,,EEHINQSUZ,1,
,QUIVERIER,,EEIIQRRUV,1,
,QUOININGS,,GIINNOQSU,1,
,QUOTATIVE,s,AEIOQTTUV,1,
,RACEGOERS,,ACEEGORRS,1,
,RADIUSING,,ADGIINRSU,1,
,RAILCARDS,,AACDILRRS,1,
,RAINSUITS,,AIINRSSTU,1,
,RANCHERAS,,AACEHNRRS,1,
,RANCHINGS,,ACGHINNRS,1,
,RANCIDEST,,ACDEINRST,1,2
,RANDOMISE,ds,ADEIMNORS,1,2
,RATTLIEST,,AEILRSTTT,1,
,REBRANDED,,ABDDEENRR,1,
,RECOLOURS,,CELOORRSU,1,2
,REDWATERS,,ADEERRSTW,1,
,REFININGS,,EFGIINNRS,1,2
,REGGAETON,s,AEEGGNORT,1,
,REGIFTERS,,EEFGIRRST,1,
,REGIFTING,,EFGGIINRT,1,
,RELEASEES,,AEEEELRSS,1,
,RELEASORS,,AEELORRSS,1,
,REMAILERS,,AEEILMRRS,1,
,REMOULDED,,DDEELMORU,1,2
,RENEGUING,,EEGGINNRU,1,
,REOFFENDS,,DEEFFNORS,1,3
,REPOINTED,,DEEINOPRT,1,2
,REQUINTOS,,EINOQRSTU,1,
,RESINIEST,,EEIINRSST,1,
,RESKINNED,,DEEIKNNRS,1,
,RESOURCED,,CDEEORRSU,1,
,RETCHINGS,,CEGHINRST,1,
,RETELLERS,,EEELLRRST,1,
,RETRODDEN,,DDEENORRT,1,
,REVILINGS,,EGIILNRSV,1,3
,RIBALDEST,,ABDEILRST,1,
,RIBULOSES,,BEILORSSU,1,2
,RIDGEWAYS,,ADEGIRSWY,1,
,RIGHTIEST,,EGHIIRSTT,1,
,RINGETTES,,EEGINRSTT,1,3
,RINGSTERS,,EGINRRSST,1,3
,RINGTONES,,EGINNORST,1,2
,RINGWORKS,,GIKNORRSW,1,
,RINKSIDES,,DEIIKNRSS,1,
,RIVULUSES,,EILRSSUUV,1,
,ROASTINGS,,AGINORSST,1,3
,ROBOCALLS,,ABCLLOORS,1,
,ROBOTISED,,BDEIOORST,1,2
,ROBOTISES,,BEIOORSST,1,
,ROCKWOOLS,,CKLOOORSW,1,
,ROOIBOSES,,BEIOOORSS,1,
,ROOTBALLS,,ABLLOORST,1,
,ROOTSIEST,,EIOORSSTT,1,2
,ROSEBOWLS,,BELOORSSW,1,
,ROSTERING,,EGINORRST,1,3
,ROTUNDEST,,DENORSTTU,1,
,ROUGHINGS,,GGHINORSU,1,
,ROUGHOUTS,,GHOORSTUU,1,
,RUBBISHED,,BBDEHIRSU,1,
,RUBBYDUBS,,BBBDRSUUY,1,
,RUDISTIDS,,DDIIRSSTU,1,
,RUGELACHS,,ACEGHLRSU,1,
,RUMNESSES,,EEMNRSSSU,1,
,SACREDEST,,ACDEERSST,1,2
,SAGEHOODS,,ADEGHOOSS,1,
,SAILPASTS,,AAILPSSST,1,
,SALPICONS,,ACILNOPSS,1,
p,SALTERIES,,AEEILRSST,1,
,SAMSKARAS,,AAAKMRSSS,1,
,SANDHILLS,,ADHILLNSS,1,
,SANDSPITS,,ADINPSSST,1,
,SANGRAILS,,AAGILNRSS,1,
,SANGREALS,,AAEGLNRSS,1,
,SASANQUAS,,AAANQSSSU,1,
,SATINIEST,,AEIINSSTT,1,
,SCHEMINGS,,CEGHIMNSS,1,
,SCHLEPPER,s,CEEHLPPRS,1,
,SCHMUCKED,,CCDEHKMSU,1,
,SCHMUTZES,,CEHMSSTUZ,1,
,SCHOOLERS,,CEHLOORSS,1,3
,SCHTUPPED,,CDEHPPSTU,1,
,SCHVITZED,,CDEHISTVZ,1,
,SCHVITZES,,CEHISSTVZ,1,
,SCOOTERED,,CDEEOORST,1,2
,SCORELINE,s,CEEILNORS,1,
,SCRAPYARD,s,AACDPRRSY,1,
,SCRAVELED,,ACDEELRSV,1,
,SCRAWBING,,ABCGINRSW,1,
,SCRITCHES,,CCEHIRSST,1,
,SCROBBING,,BBCGINORS,1,
,SCROLLERS,,CELLORRSS,1,
,SCRUFFING,,CFFGINRSU,1,
,SCRUMMIER,,CEIMMRRSU,1,
,SCRUMPIES,,CEIMPRSSU,1,
,SCRUMPLED,,CDELMPRSU,1,
,SCRUMPLES,,CELMPRSSU,1,
,SCUMBALLS,,ABCLLMSSU,1,
,SCUZZBAGS,,ABCGSSUZZ,1,
,SECONDEES,,CDEEENOSS,1,
,SENESCING,,CEEGINNSS,1,
,SEPTORIAS,,AEIOPRSST,1,
,SERMONISE,drs,EEIMNORSS,1,2
,SERVERIES,,EEEIRRSSV,1,
,SHACKIEST,,ACEHIKSST,1,
,SHAHADAHS,,AAADHHHSS,1,
,SHAMIANAS,,AAAHIMNSS,1,
,SHAWARMAS,,AAAHMRSSW,1,
,SHERWANIS,,AEHINRSSW,1,
,SHIFTINGS,,FGHIINSST,1,
,SHIKKERED,,DEEHIKKRS,1,
,SHIPTIMES,,EHIIMPSST,1,
,SHITFACES,,ACEFHISST,1,2
,SHITHEELS,,EEHHILSST,1,
,SHITHOLES,,EHHILOSST,1,
,SHITWORKS,,HIKORSSTW,1,
,SHIVERIER,,EEHIIRRSV,1,
,SHLEPPERS,,EEHLPPRSS,1,
,SHLEPPIER,,EEHILPPRS,1,
,SHMEARING,,AEGHIMNRS,1,
,SHMEERING,,EEGHIMNRS,1,
,SHMOOZERS,,EHMOORSSZ,1,
,SHMOOZIER,,EHIMOORSZ,1,
,SHMUCKIER,,CEHIKMRSU,1,
,SHOCHETIM,,CEHHIMOST,1,
,SHOOSHING,,GHHINOOSS,1,
,SHOOTISTS,,HIOOSSSTT,1,
,SHOPPIEST,,EHIOPPSST,1,
,SHOUTIEST,,EHIOSSTTU,1,
,SHOWGOERS,,EGHOORSSW,1,
,SHRAPNELS,,AEHLNPRSS,1,
,SHROOMERS,,EHMOORRSS,1,
,SHTUMMEST,,EHMMSSTTU,1,
,SHTUPPING,,GHINPPSTU,1,
,SHVITZING,,GHIINSTVZ,1,
,SIDALCEAS,,AACDEILSS,1,
,SIDEARMED,,ADDEEIMRS,1,2
,SIDELOCKS,,CDEIKLOSS,1,
,SIDEMEATS,,ADEEIMSST,1,3
,SIDEROADS,,ADDEIORSS,1,2
,SIEMENSES,,EEEIMNSSS,1,
,SILASTICS,,ACIILSSST,1,
,SILVERIER,,EEIILRRSV,1,
,SILVERTIP,s,EIILPRSTV,1,
,SKEEVIEST,,EEEIKSSTV,1,
,SKIBOBBED,,BBBDEIKOS,1,
,SKIDDINGS,,DDGIIKNSS,1,
,SKIDOOERS,,DEIKOORSS,1,
,SKYSCAPES,,ACEKPSSSY,1,
,SLABBIEST,,ABBEILSST,2,
,SLABBINGS,,ABBGILNSS,1,
,SLAGGINGS,,AGGGILNSS,1,
,SLANTIEST,,AEILNSSTT,1,2
,SLAPSHOTS,,AHLOPSSST,1,
,SLEEVEENS,,EEEELNSSV,1,2
,SLEEVINGS,,EEGILNSSV,1,
,SLIMMINGS,,GIILMMNSS,1,
,SLOWCOACH,,ACCHLOOSW,1,
,SLUMPIEST,,EILMPSSTU,1,
,SLURPIEST,,EILPRSSTU,1,
,SMACKDOWN,s,ACDKMNOSW,1,
,SMELTINGS,,EGILMNSST,1,
,SMITHINGS,,GHIIMNSST,1,
,SMOOCHIER,,CEHIMOORS,1,
,SMUDGINGS,,DGGIMNSSU,1,
,SNACKIEST,,ACEIKNSST,1,2
,SNARFLING,,AFGILNNRS,1,
,SNIFFLIER,,EFFIILNRS,1,
,SNIPPINGS,,GIINNPPSS,1,
,SNITTIEST,,EIINSSTTT,1,
,SNOOTFULS,,FLNOOSSTU,1,
,SNOWFLEAS,,AEFLNOSSW,1,
,SNUGGLIER,,EGGILNRSU,1,2
,SOCKETTES,,CEEKOSSTT,1,
,SODOMISED,,DDEIMOOSS,1,
,SODOMISES,,DEIMOOSSS,1,
,SOFTSCAPE,s,ACEFOPSST,1,2
,SOLEMNISE,ds,EEILMNOSS,1,
,SOMBEREST,,BEEMORSST,1,
,SORBITANS,,ABINORSST,1,
,SOULSTERS,,ELORSSSTU,1,
,SOURCINGS,,CGINORSSU,1,3
,SPACELABS,,AABCELPSS,1,
,SPALLINGS,,AGILLNPSS,1,
,SPAMMINGS,,AGIMMNPSS,1,
,SPANDEXED,,ADDEENPSX,1,
,SPEARINGS,,AEGINPRSS,1,5
,SPECKIEST,,CEEIKPSST,1,
,SPIDERING,,DEGIINPRS,1,2
,SPINNIEST,,EIINNPSST,1,
,SPITTIEST,,EIIPSSTTT,1,
,SPIVVIEST,,EIIPSSTVV,1,
,SPLENIUMS,,EILMNPSSU,1,2
,SPLODGIER,,DEGILOPRS,1,
,SPLURTING,,GILNPRSTU,1,
,SPONGEING,,EGGINNOPS,1,
,SPOTTINGS,,GINOPSSTT,1,
,SPRITZIER,,EIIPRRSTZ,1,
,SPROGLETS,,EGLOPRSST,1,
,SPUMANTES,,AEMNPSSTU,1,
,SQUADDIES,,ADDEIQSSU,1,
,SQUIBBERS,,BBEIQRSSU,1,
,SQUIDGIER,,DEGIIQRSU,1,
,SQUITTERS,,EIQRSSTTU,1,
,STABBINGS,,ABBGINSST,1,
,STAFFINGS,,AFFGINSST,1,
,STAGETTES,,AEEGSSTTT,1,
,STAGHORNS,,AGHNORSST,1,
,STARCHERS,,ACEHRRSST,1,
,STATELETS,,AEELSSTTT,1,
,STEAMPUNK,s,AEKMNPSTU,1,
,STEEPLING,,EEGILNPST,1,
,STEERINGS,,EEGINRSST,1,
,STENOSING,,EGINNOSST,1,
,STICKERED,,CDEEIKRST,2,3
,STILLAGES,,AEGILLSST,1,2
,STILLSONS,,ILLNOSSST,1,
,STOMPIEST,,EIMOPSSTT,1,
,STONECUTS,,CENOSSTTU,1,
,STOOKINGS,,GIKNOOSST,1,
,STOPBANDS,,ABDNOPSST,1,
,STOVETOPS,,EOOPSSTTV,1,
,STRATUSES,,AERSSSTTU,1,
,STRIKINGS,,GIIKNRSST,1,2
,STROBINGS,,BGINORSST,1,
,STYLOPIDS,,DILOPSSTY,1,
,SUBTILISE,ds,BEIILSSTU,1,
,SUBTRADES,,ABDERSSTU,1,2
,SUCHLIKES,,CEHIKLSSU,1,
,SUCKHOLED,,CDEHKLOSU,1,
,SUCKHOLES,,CEHKLOSSU,1,
,SUGARINGS,,AGGINRSSU,1,
,SUPERCELL,s,CEELLPRSU,1,2
,SWAPFILES,,AEFILPSSW,1,
,SWARMINGS,,AGIMNRSSW,1,
,SWEARINGS,,AEGINRSSW,1,
,SWEATERED,,ADEEERSTW,1,
,SWEETLIPS,,EEILPSSTW,1,
,SWITCHELS,,CEHILSSTW,1,
,SYNTHASES,,AEHNSSSTY,1,
,TAILHOOKS,,AHIKLOOST,1,
,TALCUMING,,ACGILMNTU,1,
,TALKFESTS,,AEFKLSSTT,1,
,TALLOWIER,,AEILLORTW,1,
,TALLYHOES,,AEHLLOSTY,1,
,TANTRISTS,,AINRSSTTT,1,
,TAPIROIDS,,ADIIOPRST,1,
,TECHNOIDS,,CDEHINOST,1,
,TELECINES,,CEEEILNST,1,2
,TELECOMMS,,CEELMMOST,1,
,TELEFAXED,,ADEEEFLTX,1,
,TELESALES,,AEEELLSST,1,
,TELEWORKS,,EEKLORSTW,1,2
,TENDERISE,drs,DEEEINRST,1,3
,TENTPOLES,,EELNOPSTT,1,
,TERMINERS,,EEIMNRRST,1,
,TERZETTOS,,EEORSTTTZ,1,
,THANEDOMS,,ADEHMNOST,1,3
,THINNINGS,,GHIINNNST,1,
,THONGIEST,,EGHINOSTT,1,
,THRASHIER,,AEHHIRRST,1,
,THYMOMATA,,AAHMMOTTY,1,
,TICKLACES,,ACCEIKLST,1,
,TICKLIEST,,CEIIKLSTT,1,
,TIDDLIEST,,DDEIILSTT,1,
,TIDELINES,,DEEIILNST,1,
,TINPLATED,,ADEILNPTT,1,
,TINSELIER,,EEIILNRST,1,2
,TITCHIEST,,CEHIISTTT,1,
,TOASTINGS,,AGINOSSTT,1,
,TOLEWARES,,AEELORSTW,1,
,TOLLGATED,,ADEGLLOTT,1,
,TOMMYCODS,,CDMMOOSTY,1,
,TONIFYING,,FGIINNOTY,1,2
,TOQUILLAS,,AILLOQSTU,1,
,TORPEFIED,,DEEFIOPRT,1,
,TORPEFIES,,EEFIOPRST,1,
,TORQUIEST,,EIOQRSTTU,1,
,TORTELLIS,,EILLORSTT,1,
,TORTRICES,,CEIORRSTT,1,2
,TOWNSITES,,EINOSSTTW,1,
,TRACKBEDS,,ABCDEKRST,1,
,TRANSOMED,,ADEMNORST,1,
,TREATINGS,,AEGINRSTT,1,3
,TREELINES,,EEEILNRST,1,
,TREFOILED,,DEEFILORT,1,
,TREMBLORS,,BELMORRST,1,
,TREMORING,,EGIMNORRT,1,
,TRIACTORS,,ACIORRSTT,1,
,TRIALISTS,,AIILRSSTT,1,
,TRIALLING,,AGIILLNRT,1,
,TRICITIES,,CEIIIRSTT,1,
,TRICYCLED,,CCDEILRTY,1,
,TRIGAMIES,,AEGIIMRST,1,
,TRIPLEXED,,DEEILPRTX,1,
,TROTTINGS,,GINORSTTT,1,
,TROUSERED,,DEEORRSTU,1,
,TROUTINGS,,GINORSTTU,1,
,TRUFFLING,s,FFGILNRTU,1,
,TRUNKINGS,,GIKNNRSTU,1,
,TUBEWELLS,,BEELLSTUW,1,
,TURDUCKEN,s,CDEKNRTUU,1,
,TURNCOCKS,,CCKNORSTU,1,
,TURNIPIER,,EIINPRRTU,1,
,TURNROUND,s,DNNORRTUU,1,
,TWERPIEST,,EEIPRSTTW,1,
,TWINKLIER,,EIIKLNRTW,1,
,TWONESSES,,EENOSSSTW,1,
,TYROPITAS,,AIOPRSTTY,1,
,TZATZIKIS,,AIIKSTTZZ,1,
,TZEDAKAHS,,AADEHKSTZ,1,
,UMBELULES,,BEELLMSUU,1,
,UNBURYING,,BGINNRUUY,1,
,UNDELETES,,DEEELNSTU,1,2
,UNDERMANS,,ADEMNNRSU,1,
,UNDERPADS,,ADDENPRSU,1,
,UNDERSOWN,,DENNORSUW,1,2
,UNDERSOWS,,DENORSSUW,1,
,UNFRIENDS,,DEFINNRSU,1,
,UNFUNNIER,,EFINNNRUU,1,
,UNFUSSIER,,EFINRSSUU,1,
,UNGREENER,,EEEGNNRRU,1,
,UNHAPPENS,,AEHNNPPSU,1,
,UNHASPING,,AGHINNPSU,1,
,UNHEALTHS,,AEHHLNSTU,1,
,UNHIPPEST,,EHINPPSTU,1,
,UNIBODIES,,BDEIINOSU,1,
,UNINSTALS,,AILNNSSTU,1,2
,UNMOULDED,,DDELMNOUU,1,
,UNRIVETED,,DEEINRTUV,1,
,UNSEXIEST,,EEINSSTUX,1,
,UNTHAWING,,AGHINNTUW,1,
,UPDOMINGS,,DGIMNOPSU,1,
,UPGRADERS,,ADEGPRRSU,1,
,UPSELLING,,EGILLNPSU,1,
,UPSKILLED,,DEIKLLPSU,1,
,URETHANED,,ADEEHNRTU,1,3
,VAMPLATES,,AAELMPSTV,1,
,VANITASES,,AAEINSSTV,1,
,VAPORISER,s,AEIOPRRSV,1,
,VASELINED,,ADEEILNSV,1,
,VERBALISE,ds,ABEEILRSV,1,2
,VERSELETS,,EEELRSSTV,1,
,VERSIONED,,DEEINORSV,1,2
,VERTISOLS,,EILORSSTV,1,
,VIDEOCAMS,,ACDEIMOSV,1,
,VIEWBOOKS,,BEIKOOSVW,1,
,VIEWPORTS,,EIOPRSTVW,1,
,VIEWSHEDS,,DEEHISSVW,1,
,VILLAGIER,,AEGIILLRV,1,
,VIRAEMIAS,,AAEIIMRSV,1,
,VIRILISED,,DEIIILRSV,1,
,VIRILISES,,EIIILRSSV,1,
,VISITINGS,,GIIINSSTV,1,
,VODCASTED,,ACDDEOSTV,1,
,VOLUMISED,,DEILMOSUV,1,
,VOLUMISES,,EILMOSSUV,1,
,VOLUMIZED,,DEILMOUVZ,1,
,VOLUMIZES,,EILMOSUVZ,1,
,VOMITIEST,,EIIMOSTTV,1,
,VOYAGINGS,,AGGINOSVY,1,
,WAGERINGS,,AEGGINRSW,1,
,WANTONEST,,AENNOSTTW,1,
,WARBLIEST,,ABEILRSTW,1,2
,WARGAMERS,,AAEGMRRSW,1,
,WARGAMING,s,AAGGIMNRW,1,
,WARPAINTS,,AAINPRSTW,1,
,WAVERIEST,,AEEIRSTVW,1,
,WEBISODES,,BDEEIOSSW,1,
,WEEDLINES,,DEEEILNSW,1,
,WENDIGOES,,DEEGINOSW,1,
,WHACKINGS,,ACGHIKNSW,1,
,WHIFFIEST,,EFFHIISTW,1,
,WHINGIEST,,EGHIINSTW,1,
,WINDIGOES,,DEGIINOSW,1,
,WINDLOADS,,ADDILNOSW,1,
,WINDPACKS,,ACDIKNPSW,1,
,WINDSAILS,,ADIILNSSW,1,
,WINDSLABS,,ABDILNSSW,1,
,WINGBEATS,,ABEGINSTW,1,
,WIRELINES,,EEIILNRSW,1,
t,WITTERING,,EGIINRTTW,1,
,WIZARDEST,,ADEIRSTWZ,1,
,WOLFSKINS,,FIKLNOSSW,1,
,WOMANISER,s,AEIMNORSW,1,
,WOMANNING,,AGIMNNNOW,1,
,WONKERIES,,EEIKNORSW,1,
,WOODFERNS,,DEFNOORSW,1,
,WOODLOUSE,,DELOOOSUW,1,
,WOODMOUSE,,DEMOOOSUW,1,
,WOODWASPS,,ADOOPSSWW,1,
,WOODYARDS,,ADDOORSWY,1,
,WORKBOOTS,,BKOOORSTW,1,
,WORKSITES,,EIKORSSTW,1,
,WORKSONGS,,GKNOORSSW,1,
,WORMCASTS,,ACMORSSTW,1,
,WRINKLIES,t,EIIKLNRSW,1,
,WRITEOFFS,,EFFIORSTW,1,
,XENOTIMES,,EEIMNOSTX,1,2
,YARMULKAS,,AAKLMRSUY,1,
,YINGYANGS,,AGGINNSYY,1,
,YOBBERIES,,BBEEIORSY,1,
,YUPPYDOMS,,DMOPPSUYY,1,
,ZESTINESS,,EEINSSSTZ,1,
,ZOETROPES,,EEOOPRSTZ,1,
